<resources><atlas><image file="1_0.png" format="r8g8b8a8" h="128" w="256"/><frames fs="1,1,32,32,1.000000">0,0,65,0,0,32,32;</frames><frames fs="1,1,32,32,1.000000">0,65,0,0,0,32,32;</frames><frames fs="1,1,32,32,1.000000">0,65,33,0,0,32,32;</frames><frames fs="1,2,16,16,1.000000">0,0,98,1,0,15,15;0,16,98,1,1,15,14;</frames><frames fs="1,1,64,64,1.000000">0,0,0,0,0,64,64;</frames><frames fs="1,1,32,32,1.000000">0,65,66,0,0,32,32;</frames><frames fs="1,1,32,32,1.000000">0,98,0,0,0,32,32;</frames></atlas><font sf="1.0" size="12"/></resources>